site,plot,year,julian,obs,tick
GT,CNPS_01,2012,190,1,1
GT,CNPS_01,2012,190,2,0
GT,CNPS_01,2012,190,3,1
GT,CNPS_01,2012,190,4,1
GT,CNPS_01,2013,172,1,1
GT,CNPS_01,2013,172,2,1
GT,CNPS_01,2013,172,3,1
GT,CNPS_01,2013,172,4,0
GT,CNPS_01,2015,198,1,1
GT,CNPS_01,2015,198,2,0
GT,CNPS_01,2015,198,3,0
GT,CNPS_01,2015,198,4,1
GT,CNPS_01,2016,165,1,0
GT,CNPS_01,2016,165,2,0
GT,CNPS_01,2016,165,3,0
GT,CNPS_01,2016,165,4,0
GT,CNPS_01,2017,157,1,0
GT,CNPS_01,2017,157,2,0
GT,CNPS_01,2017,157,3,1
GT,CNPS_01,2017,157,4,1
GT,CNPS_03,2012,190,1,1
GT,CNPS_03,2012,190,2,1
GT,CNPS_03,2012,190,3,1
GT,CNPS_03,2012,190,4,1
GT,CNPS_03,2013,172,1,1
GT,CNPS_03,2013,172,2,1
GT,CNPS_03,2013,172,3,1
GT,CNPS_03,2013,172,4,1
GT,CNPS_03,2015,198,1,1
GT,CNPS_03,2015,198,2,1
GT,CNPS_03,2015,198,3,1
GT,CNPS_03,2015,198,4,1
GT,CNPS_03,2016,162,1,1
GT,CNPS_03,2016,162,2,1
GT,CNPS_03,2016,162,3,0
GT,CNPS_03,2016,162,4,1
GT,CNPS_03,2017,157,1,1
GT,CNPS_03,2017,157,2,1
GT,CNPS_03,2017,157,3,1
GT,CNPS_03,2017,157,4,1
CNPS_KA,CNPS_04,2012,199,1,1
CNPS_KA,CNPS_04,2012,199,2,1
CNPS_KA,CNPS_04,2012,199,3,0
CNPS_KA,CNPS_04,2012,199,4,1
CNPS_KA,CNPS_04,2013,155,1,0
CNPS_KA,CNPS_04,2013,155,2,1
CNPS_KA,CNPS_04,2013,155,3,0
CNPS_KA,CNPS_04,2013,155,4,0
CNPS_KA,CNPS_04,2015,168,1,0
CNPS_KA,CNPS_04,2015,168,2,0
CNPS_KA,CNPS_04,2015,168,3,0
CNPS_KA,CNPS_04,2015,168,4,0
CNPS_KA,CNPS_04,2016,174,1,1
CNPS_KA,CNPS_04,2016,174,2,1
CNPS_KA,CNPS_04,2016,174,3,0
CNPS_KA,CNPS_04,2016,174,4,0
CNPS_KA,CNPS_04,2017,173,1,0
CNPS_KA,CNPS_04,2017,173,2,1
CNPS_KA,CNPS_04,2017,173,3,0
CNPS_KA,CNPS_04,2017,173,4,0
CNPS_KA,CNPS_05,2012,199,1,0
CNPS_KA,CNPS_05,2012,199,2,1
CNPS_KA,CNPS_05,2012,199,3,1
CNPS_KA,CNPS_05,2012,199,4,0
CNPS_KA,CNPS_05,2013,155,1,1
CNPS_KA,CNPS_05,2013,155,2,1
CNPS_KA,CNPS_05,2013,155,3,1
CNPS_KA,CNPS_05,2013,155,4,0
CNPS_KA,CNPS_05,2015,169,1,0
CNPS_KA,CNPS_05,2015,169,2,1
CNPS_KA,CNPS_05,2015,169,3,1
CNPS_KA,CNPS_05,2015,169,4,1
CNPS_KA,CNPS_05,2016,174,1,1
CNPS_KA,CNPS_05,2016,174,2,0
CNPS_KA,CNPS_05,2016,174,3,0
CNPS_KA,CNPS_05,2016,174,4,1
CNPS_KA,CNPS_05,2017,173,1,1
CNPS_KA,CNPS_05,2017,173,2,1
CNPS_KA,CNPS_05,2017,173,3,1
CNPS_KA,CNPS_05,2017,173,4,0
CNPS_KA,CNPS_06,2012,199,1,1
CNPS_KA,CNPS_06,2012,199,2,0
CNPS_KA,CNPS_06,2012,199,3,0
CNPS_KA,CNPS_06,2012,199,4,0
CNPS_KA,CNPS_06,2013,155,1,1
CNPS_KA,CNPS_06,2013,155,2,0
CNPS_KA,CNPS_06,2013,155,3,0
CNPS_KA,CNPS_06,2013,155,4,0
CNPS_KA,CNPS_06,2015,168,1,0
CNPS_KA,CNPS_06,2015,168,2,0
CNPS_KA,CNPS_06,2015,168,3,0
CNPS_KA,CNPS_06,2015,168,4,0
CNPS_KA,CNPS_06,2016,173,1,1
CNPS_KA,CNPS_06,2016,173,2,0
CNPS_KA,CNPS_06,2016,173,3,1
CNPS_KA,CNPS_06,2016,173,4,0
CNPS_KA,CNPS_06,2017,173,1,0
CNPS_KA,CNPS_06,2017,173,2,1
CNPS_KA,CNPS_06,2017,173,3,0
CNPS_KA,CNPS_06,2017,173,4,0
CNPS_KA,CNPS_07,2012,199,1,1
CNPS_KA,CNPS_07,2012,199,2,1
CNPS_KA,CNPS_07,2012,199,3,1
CNPS_KA,CNPS_07,2012,199,4,1
CNPS_KA,CNPS_07,2013,155,1,1
CNPS_KA,CNPS_07,2013,155,2,0
CNPS_KA,CNPS_07,2013,155,3,0
CNPS_KA,CNPS_07,2013,155,4,1
CNPS_KA,CNPS_07,2015,166,1,0
CNPS_KA,CNPS_07,2015,166,2,0
CNPS_KA,CNPS_07,2015,166,3,0
CNPS_KA,CNPS_07,2015,166,4,0
CNPS_KA,CNPS_07,2016,173,1,0
CNPS_KA,CNPS_07,2016,173,2,0
CNPS_KA,CNPS_07,2016,173,3,0
CNPS_KA,CNPS_07,2016,173,4,1
CNPS_KA,CNPS_07,2017,173,1,0
CNPS_KA,CNPS_07,2017,173,2,1
CNPS_KA,CNPS_07,2017,173,3,0
CNPS_KA,CNPS_07,2017,173,4,0
CNPS_KA,CNPS_08,2012,199,1,1
CNPS_KA,CNPS_08,2012,199,2,0
CNPS_KA,CNPS_08,2012,199,3,0
CNPS_KA,CNPS_08,2012,199,4,0
CNPS_KA,CNPS_08,2013,168,1,0
CNPS_KA,CNPS_08,2013,168,2,0
CNPS_KA,CNPS_08,2013,168,3,0
CNPS_KA,CNPS_08,2013,168,4,0
CNPS_KA,CNPS_08,2015,166,1,0
CNPS_KA,CNPS_08,2015,166,2,0
CNPS_KA,CNPS_08,2015,166,3,0
CNPS_KA,CNPS_08,2015,166,4,0
CNPS_KA,CNPS_08,2016,173,1,0
CNPS_KA,CNPS_08,2016,173,2,0
CNPS_KA,CNPS_08,2016,173,3,0
CNPS_KA,CNPS_08,2016,173,4,0
CNPS_KA,CNPS_08,2017,173,1,0
CNPS_KA,CNPS_08,2017,173,2,0
CNPS_KA,CNPS_08,2017,173,3,0
CNPS_KA,CNPS_08,2017,173,4,0
CNPS_WB,CNPS_09,2012,199,1,0
CNPS_WB,CNPS_09,2012,199,2,0
CNPS_WB,CNPS_09,2012,199,3,0
CNPS_WB,CNPS_09,2012,199,4,0
CNPS_WB,CNPS_09,2013,155,1,0
CNPS_WB,CNPS_09,2013,155,2,1
CNPS_WB,CNPS_09,2013,155,3,0
CNPS_WB,CNPS_09,2013,155,4,1
CNPS_WB,CNPS_09,2015,168,1,0
CNPS_WB,CNPS_09,2015,168,2,0
CNPS_WB,CNPS_09,2015,168,3,0
CNPS_WB,CNPS_09,2015,168,4,1
CNPS_WB,CNPS_09,2016,173,1,0
CNPS_WB,CNPS_09,2016,173,2,0
CNPS_WB,CNPS_09,2016,173,3,0
CNPS_WB,CNPS_09,2016,173,4,0
CNPS_WB,CNPS_09,2017,161,1,0
CNPS_WB,CNPS_09,2017,161,2,0
CNPS_WB,CNPS_09,2017,161,3,0
CNPS_WB,CNPS_09,2017,161,4,0
CNPS_WB,CNPS_10,2012,193,1,1
CNPS_WB,CNPS_10,2012,193,2,1
CNPS_WB,CNPS_10,2012,193,3,0
CNPS_WB,CNPS_10,2012,193,4,1
CNPS_WB,CNPS_10,2013,156,1,1
CNPS_WB,CNPS_10,2013,156,2,0
CNPS_WB,CNPS_10,2013,156,3,1
CNPS_WB,CNPS_10,2013,156,4,1
CNPS_WB,CNPS_10,2015,169,1,0
CNPS_WB,CNPS_10,2015,169,2,1
CNPS_WB,CNPS_10,2015,169,3,1
CNPS_WB,CNPS_10,2015,169,4,0
CNPS_WB,CNPS_10,2016,179,1,1
CNPS_WB,CNPS_10,2016,179,2,1
CNPS_WB,CNPS_10,2016,179,3,1
CNPS_WB,CNPS_10,2016,179,4,1
CNPS_WB,CNPS_10,2017,161,1,1
CNPS_WB,CNPS_10,2017,161,2,1
CNPS_WB,CNPS_10,2017,161,3,1
CNPS_WB,CNPS_10,2017,161,4,1
CNPS_WB,CNPS_11,2012,193,1,1
CNPS_WB,CNPS_11,2012,193,2,1
CNPS_WB,CNPS_11,2012,193,3,1
CNPS_WB,CNPS_11,2012,193,4,1
CNPS_WB,CNPS_11,2013,156,1,0
CNPS_WB,CNPS_11,2013,156,2,1
CNPS_WB,CNPS_11,2013,156,3,1
CNPS_WB,CNPS_11,2013,156,4,0
CNPS_WB,CNPS_11,2015,170,1,0
CNPS_WB,CNPS_11,2015,170,2,0
CNPS_WB,CNPS_11,2015,170,3,0
CNPS_WB,CNPS_11,2015,170,4,0
CNPS_WB,CNPS_11,2016,179,1,0
CNPS_WB,CNPS_11,2016,179,2,1
CNPS_WB,CNPS_11,2016,179,3,1
CNPS_WB,CNPS_11,2016,179,4,0
CNPS_WB,CNPS_11,2017,161,1,0
CNPS_WB,CNPS_11,2017,161,2,0
CNPS_WB,CNPS_11,2017,161,3,0
CNPS_WB,CNPS_11,2017,161,4,0
CNPS_WB,CNPS_12,2012,193,1,1
CNPS_WB,CNPS_12,2012,193,2,1
CNPS_WB,CNPS_12,2012,193,3,0
CNPS_WB,CNPS_12,2012,193,4,0
CNPS_WB,CNPS_12,2013,156,1,0
CNPS_WB,CNPS_12,2013,156,2,1
CNPS_WB,CNPS_12,2013,156,3,1
CNPS_WB,CNPS_12,2013,156,4,0
CNPS_WB,CNPS_12,2015,169,1,0
CNPS_WB,CNPS_12,2015,169,2,0
CNPS_WB,CNPS_12,2015,169,3,0
CNPS_WB,CNPS_12,2015,169,4,0
CNPS_WB,CNPS_12,2016,179,1,0
CNPS_WB,CNPS_12,2016,179,2,0
CNPS_WB,CNPS_12,2016,179,3,0
CNPS_WB,CNPS_12,2016,179,4,0
CNPS_WB,CNPS_12,2017,161,1,1
CNPS_WB,CNPS_12,2017,161,2,1
CNPS_WB,CNPS_12,2017,161,3,1
CNPS_WB,CNPS_12,2017,161,4,1
CNPS_WB,CNPS_13,2012,193,1,1
CNPS_WB,CNPS_13,2012,193,2,1
CNPS_WB,CNPS_13,2012,193,3,1
CNPS_WB,CNPS_13,2012,193,4,1
CNPS_WB,CNPS_13,2013,156,1,1
CNPS_WB,CNPS_13,2013,156,2,1
CNPS_WB,CNPS_13,2013,156,3,1
CNPS_WB,CNPS_13,2013,156,4,1
CNPS_WB,CNPS_13,2015,169,1,1
CNPS_WB,CNPS_13,2015,169,2,0
CNPS_WB,CNPS_13,2015,169,3,0
CNPS_WB,CNPS_13,2015,169,4,1
CNPS_WB,CNPS_13,2016,179,1,1
CNPS_WB,CNPS_13,2016,179,2,1
CNPS_WB,CNPS_13,2016,179,3,1
CNPS_WB,CNPS_13,2016,179,4,1
CNPS_WB,CNPS_13,2017,161,1,1
CNPS_WB,CNPS_13,2017,161,2,1
CNPS_WB,CNPS_13,2017,161,3,1
CNPS_WB,CNPS_13,2017,161,4,1
CNPS_WB,CNPS_14,2012,193,1,1
CNPS_WB,CNPS_14,2012,193,2,1
CNPS_WB,CNPS_14,2012,193,3,1
CNPS_WB,CNPS_14,2012,193,4,1
CNPS_WB,CNPS_14,2013,156,1,1
CNPS_WB,CNPS_14,2013,156,2,0
CNPS_WB,CNPS_14,2013,156,3,1
CNPS_WB,CNPS_14,2013,156,4,1
CNPS_WB,CNPS_14,2015,170,1,0
CNPS_WB,CNPS_14,2015,170,2,1
CNPS_WB,CNPS_14,2015,170,3,1
CNPS_WB,CNPS_14,2015,170,4,1
CNPS_WB,CNPS_14,2016,182,1,1
CNPS_WB,CNPS_14,2016,182,2,1
CNPS_WB,CNPS_14,2016,182,3,1
CNPS_WB,CNPS_14,2016,182,4,0
CNPS_WB,CNPS_14,2017,164,1,1
CNPS_WB,CNPS_14,2017,164,2,0
CNPS_WB,CNPS_14,2017,164,3,1
CNPS_WB,CNPS_14,2017,164,4,1
CNPS_CA,CNPS_15,2012,200,1,0
CNPS_CA,CNPS_15,2012,200,2,0
CNPS_CA,CNPS_15,2012,200,3,1
CNPS_CA,CNPS_15,2012,200,4,1
CNPS_CA,CNPS_15,2013,156,1,0
CNPS_CA,CNPS_15,2013,156,2,1
CNPS_CA,CNPS_15,2013,156,3,0
CNPS_CA,CNPS_15,2013,156,4,0
CNPS_CA,CNPS_15,2015,177,1,0
CNPS_CA,CNPS_15,2015,177,2,1
CNPS_CA,CNPS_15,2015,177,3,1
CNPS_CA,CNPS_15,2015,177,4,0
CNPS_CA,CNPS_15,2016,188,1,0
CNPS_CA,CNPS_15,2016,188,2,0
CNPS_CA,CNPS_15,2016,188,3,0
CNPS_CA,CNPS_15,2016,188,4,0
CNPS_CA,CNPS_15,2017,159,1,0
CNPS_CA,CNPS_15,2017,159,2,1
CNPS_CA,CNPS_15,2017,159,3,0
CNPS_CA,CNPS_15,2017,159,4,0
CNPS_CA,CNPS_16,2012,200,1,0
CNPS_CA,CNPS_16,2012,200,2,0
CNPS_CA,CNPS_16,2012,200,3,0
CNPS_CA,CNPS_16,2012,200,4,0
CNPS_CA,CNPS_16,2013,168,1,0
CNPS_CA,CNPS_16,2013,168,2,1
CNPS_CA,CNPS_16,2013,168,3,0
CNPS_CA,CNPS_16,2013,168,4,1
CNPS_CA,CNPS_16,2015,177,1,0
CNPS_CA,CNPS_16,2015,177,2,0
CNPS_CA,CNPS_16,2015,177,3,1
CNPS_CA,CNPS_16,2015,177,4,1
CNPS_CA,CNPS_16,2016,188,1,1
CNPS_CA,CNPS_16,2016,188,2,1
CNPS_CA,CNPS_16,2016,188,3,1
CNPS_CA,CNPS_16,2016,188,4,1
CNPS_CA,CNPS_16,2017,159,1,0
CNPS_CA,CNPS_16,2017,159,2,0
CNPS_CA,CNPS_16,2017,159,3,0
CNPS_CA,CNPS_16,2017,159,4,0
CNPS_CA,CNPS_17,2012,200,1,0
CNPS_CA,CNPS_17,2012,200,2,0
CNPS_CA,CNPS_17,2012,200,3,0
CNPS_CA,CNPS_17,2012,200,4,1
CNPS_CA,CNPS_17,2013,168,1,0
CNPS_CA,CNPS_17,2013,168,2,0
CNPS_CA,CNPS_17,2013,168,3,1
CNPS_CA,CNPS_17,2013,168,4,0
CNPS_CA,CNPS_17,2015,175,1,0
CNPS_CA,CNPS_17,2015,175,2,1
CNPS_CA,CNPS_17,2015,175,3,0
CNPS_CA,CNPS_17,2015,175,4,0
CNPS_CA,CNPS_17,2016,208,1,1
CNPS_CA,CNPS_17,2016,208,2,1
CNPS_CA,CNPS_17,2016,208,3,0
CNPS_CA,CNPS_17,2016,208,4,0
CNPS_CA,CNPS_17,2017,158,1,0
CNPS_CA,CNPS_17,2017,158,2,0
CNPS_CA,CNPS_17,2017,158,3,0
CNPS_CA,CNPS_17,2017,158,4,0
CNPS_CA,CNPS_18,2012,200,1,1
CNPS_CA,CNPS_18,2012,200,2,1
CNPS_CA,CNPS_18,2012,200,3,0
CNPS_CA,CNPS_18,2012,200,4,0
CNPS_CA,CNPS_18,2013,168,1,0
CNPS_CA,CNPS_18,2013,168,2,0
CNPS_CA,CNPS_18,2013,168,3,0
CNPS_CA,CNPS_18,2013,168,4,1
CNPS_CA,CNPS_18,2015,172,1,0
CNPS_CA,CNPS_18,2015,172,2,0
CNPS_CA,CNPS_18,2015,172,3,0
CNPS_CA,CNPS_18,2015,172,4,0
CNPS_CA,CNPS_18,2016,208,1,0
CNPS_CA,CNPS_18,2016,208,2,0
CNPS_CA,CNPS_18,2016,208,3,0
CNPS_CA,CNPS_18,2016,208,4,0
CNPS_CA,CNPS_18,2017,158,1,0
CNPS_CA,CNPS_18,2017,158,2,0
CNPS_CA,CNPS_18,2017,158,3,0
CNPS_CA,CNPS_18,2017,158,4,0
CNPS_KA,CNPS_21,2012,199,1,0
CNPS_KA,CNPS_21,2012,199,2,0
CNPS_KA,CNPS_21,2012,199,3,0
CNPS_KA,CNPS_21,2012,199,4,0
CNPS_KA,CNPS_21,2013,155,1,0
CNPS_KA,CNPS_21,2013,155,2,1
CNPS_KA,CNPS_21,2013,155,3,1
CNPS_KA,CNPS_21,2013,155,4,1
CNPS_KA,CNPS_21,2015,168,1,1
CNPS_KA,CNPS_21,2015,168,2,1
CNPS_KA,CNPS_21,2015,168,3,0
CNPS_KA,CNPS_21,2015,168,4,1
CNPS_KA,CNPS_21,2016,174,1,1
CNPS_KA,CNPS_21,2016,174,2,1
CNPS_KA,CNPS_21,2016,174,3,1
CNPS_KA,CNPS_21,2016,174,4,1
CNPS_KA,CNPS_21,2017,173,1,0
CNPS_KA,CNPS_21,2017,173,2,0
CNPS_KA,CNPS_21,2017,173,3,0
CNPS_KA,CNPS_21,2017,173,4,1
CNPS_YT,CNPS_24,2012,208,1,0
CNPS_YT,CNPS_24,2012,208,2,0
CNPS_YT,CNPS_24,2012,208,3,0
CNPS_YT,CNPS_24,2012,208,4,0
CNPS_YT,CNPS_24,2013,184,1,0
CNPS_YT,CNPS_24,2013,184,2,1
CNPS_YT,CNPS_24,2013,184,3,1
CNPS_YT,CNPS_24,2013,184,4,1
CNPS_YT,CNPS_24,2015,184,1,1
CNPS_YT,CNPS_24,2015,184,2,1
CNPS_YT,CNPS_24,2015,184,3,0
CNPS_YT,CNPS_24,2015,184,4,0
CNPS_YT,CNPS_24,2016,204,1,0
CNPS_YT,CNPS_24,2016,204,2,0
CNPS_YT,CNPS_24,2016,204,3,0
CNPS_YT,CNPS_24,2016,204,4,0
CNPS_YT,CNPS_24,2017,188,1,0
CNPS_YT,CNPS_24,2017,188,2,0
CNPS_YT,CNPS_24,2017,188,3,0
CNPS_YT,CNPS_24,2017,188,4,0
CNPS_YT,CNPS_28,2012,208,1,1
CNPS_YT,CNPS_28,2012,208,2,1
CNPS_YT,CNPS_28,2012,208,3,1
CNPS_YT,CNPS_28,2012,208,4,0
CNPS_YT,CNPS_28,2013,184,1,1
CNPS_YT,CNPS_28,2013,184,2,0
CNPS_YT,CNPS_28,2013,184,3,0
CNPS_YT,CNPS_28,2013,184,4,0
CNPS_YT,CNPS_28,2015,183,1,1
CNPS_YT,CNPS_28,2015,183,2,1
CNPS_YT,CNPS_28,2015,183,3,1
CNPS_YT,CNPS_28,2015,183,4,0
CNPS_YT,CNPS_28,2016,204,1,0
CNPS_YT,CNPS_28,2016,204,2,1
CNPS_YT,CNPS_28,2016,204,3,0
CNPS_YT,CNPS_28,2016,204,4,1
CNPS_YT,CNPS_28,2017,188,1,0
CNPS_YT,CNPS_28,2017,188,2,0
CNPS_YT,CNPS_28,2017,188,3,0
CNPS_YT,CNPS_28,2017,188,4,0
CNPS_YT,CNPS_29,2012,207,1,0
CNPS_YT,CNPS_29,2012,207,2,0
CNPS_YT,CNPS_29,2012,207,3,0
CNPS_YT,CNPS_29,2012,207,4,1
CNPS_YT,CNPS_29,2013,197,1,0
CNPS_YT,CNPS_29,2013,197,2,1
CNPS_YT,CNPS_29,2013,197,3,0
CNPS_YT,CNPS_29,2013,197,4,1
CNPS_YT,CNPS_29,2015,179,1,1
CNPS_YT,CNPS_29,2015,179,2,0
CNPS_YT,CNPS_29,2015,179,3,0
CNPS_YT,CNPS_29,2015,179,4,0
CNPS_YT,CNPS_29,2016,204,1,0
CNPS_YT,CNPS_29,2016,204,2,0
CNPS_YT,CNPS_29,2016,204,3,0
CNPS_YT,CNPS_29,2016,204,4,1
CNPS_YT,CNPS_29,2017,184,1,0
CNPS_YT,CNPS_29,2017,184,2,0
CNPS_YT,CNPS_29,2017,184,3,0
CNPS_YT,CNPS_29,2017,184,4,0
COLW,COLW_01,2012,207,1,1
COLW,COLW_01,2012,207,2,1
COLW,COLW_01,2012,207,3,1
COLW,COLW_01,2012,207,4,1
COLW,COLW_01,2013,171,1,1
COLW,COLW_01,2013,171,2,1
COLW,COLW_01,2013,171,3,1
COLW,COLW_01,2013,171,4,1
COLW,COLW_01,2015,178,1,0
COLW,COLW_01,2015,178,2,0
COLW,COLW_01,2015,178,3,1
COLW,COLW_01,2015,178,4,1
COLW,COLW_01,2016,189,1,1
COLW,COLW_01,2016,189,2,1
COLW,COLW_01,2016,189,3,1
COLW,COLW_01,2016,189,4,1
COLW,COLW_01,2017,185,1,1
COLW,COLW_01,2017,185,2,1
COLW,COLW_01,2017,185,3,1
COLW,COLW_01,2017,185,4,1
COLW,COLW_02,2012,208,1,0
COLW,COLW_02,2012,208,2,0
COLW,COLW_02,2012,208,3,1
COLW,COLW_02,2012,208,4,1
COLW,COLW_02,2013,179,1,1
COLW,COLW_02,2013,179,2,1
COLW,COLW_02,2013,179,3,1
COLW,COLW_02,2013,179,4,1
COLW,COLW_02,2015,178,1,0
COLW,COLW_02,2015,178,2,0
COLW,COLW_02,2015,178,3,0
COLW,COLW_02,2015,178,4,1
COLW,COLW_02,2016,189,1,1
COLW,COLW_02,2016,189,2,0
COLW,COLW_02,2016,189,3,0
COLW,COLW_02,2016,189,4,1
COLW,COLW_02,2017,185,1,0
COLW,COLW_02,2017,185,2,0
COLW,COLW_02,2017,185,3,0
COLW,COLW_02,2017,185,4,0
COLW,COLW_03,2012,207,1,1
COLW,COLW_03,2012,207,2,0
COLW,COLW_03,2012,207,3,0
COLW,COLW_03,2012,207,4,1
COLW,COLW_03,2013,171,1,0
COLW,COLW_03,2013,171,2,1
COLW,COLW_03,2013,171,3,1
COLW,COLW_03,2013,171,4,0
COLW,COLW_03,2015,179,1,1
COLW,COLW_03,2015,179,2,1
COLW,COLW_03,2015,179,3,1
COLW,COLW_03,2015,179,4,1
COLW,COLW_03,2016,189,1,1
COLW,COLW_03,2016,189,2,0
COLW,COLW_03,2016,189,3,1
COLW,COLW_03,2016,189,4,1
COLW,COLW_03,2017,185,1,0
COLW,COLW_03,2017,185,2,1
COLW,COLW_03,2017,185,3,0
COLW,COLW_03,2017,185,4,0
COLW,COLW_04,2012,208,1,1
COLW,COLW_04,2012,208,2,1
COLW,COLW_04,2012,208,3,1
COLW,COLW_04,2012,208,4,0
COLW,COLW_04,2013,179,1,0
COLW,COLW_04,2013,179,2,1
COLW,COLW_04,2013,179,3,1
COLW,COLW_04,2013,179,4,1
COLW,COLW_04,2015,178,1,0
COLW,COLW_04,2015,178,2,0
COLW,COLW_04,2015,178,3,0
COLW,COLW_04,2015,178,4,0
COLW,COLW_04,2016,189,1,0
COLW,COLW_04,2016,189,2,1
COLW,COLW_04,2016,189,3,0
COLW,COLW_04,2016,189,4,1
COLW,COLW_04,2017,185,1,1
COLW,COLW_04,2017,185,2,1
COLW,COLW_04,2017,185,3,1
COLW,COLW_04,2017,185,4,0
COLW,COLW_05,2012,207,1,1
COLW,COLW_05,2012,207,2,0
COLW,COLW_05,2012,207,3,0
COLW,COLW_05,2012,207,4,0
COLW,COLW_05,2013,171,1,1
COLW,COLW_05,2013,171,2,0
COLW,COLW_05,2013,171,3,1
COLW,COLW_05,2013,171,4,0
COLW,COLW_05,2015,179,1,0
COLW,COLW_05,2015,179,2,1
COLW,COLW_05,2015,179,3,1
COLW,COLW_05,2015,179,4,1
COLW,COLW_05,2016,189,1,1
COLW,COLW_05,2016,189,2,1
COLW,COLW_05,2016,189,3,0
COLW,COLW_05,2016,189,4,0
COLW,COLW_05,2017,185,1,1
COLW,COLW_05,2017,185,2,1
COLW,COLW_05,2017,185,3,0
COLW,COLW_05,2017,185,4,1
DRSF,DRSF_01,2012,167,1,0
DRSF,DRSF_01,2012,167,2,0
DRSF,DRSF_01,2012,167,3,0
DRSF,DRSF_01,2012,167,4,0
DRSF,DRSF_01,2013,196,1,1
DRSF,DRSF_01,2013,196,2,0
DRSF,DRSF_01,2013,196,3,0
DRSF,DRSF_01,2013,196,4,0
DRSF,DRSF_01,2015,203,1,0
DRSF,DRSF_01,2015,203,2,0
DRSF,DRSF_01,2015,203,3,0
DRSF,DRSF_01,2015,203,4,0
DRSF,DRSF_01,2016,202,1,0
DRSF,DRSF_01,2016,202,2,0
DRSF,DRSF_01,2016,202,3,0
DRSF,DRSF_01,2016,202,4,1
DRSF,DRSF_01,2017,177,1,0
DRSF,DRSF_01,2017,177,2,1
DRSF,DRSF_01,2017,177,3,1
DRSF,DRSF_01,2017,177,4,1
DRSF,DRSF_02,2012,167,1,1
DRSF,DRSF_02,2012,167,2,0
DRSF,DRSF_02,2012,167,3,0
DRSF,DRSF_02,2012,167,4,1
DRSF,DRSF_02,2013,196,1,0
DRSF,DRSF_02,2013,196,2,0
DRSF,DRSF_02,2013,196,3,0
DRSF,DRSF_02,2013,196,4,0
DRSF,DRSF_02,2015,203,1,0
DRSF,DRSF_02,2015,203,2,0
DRSF,DRSF_02,2015,203,3,0
DRSF,DRSF_02,2015,203,4,0
DRSF,DRSF_02,2016,202,1,1
DRSF,DRSF_02,2016,202,2,0
DRSF,DRSF_02,2016,202,3,0
DRSF,DRSF_02,2016,202,4,1
DRSF,DRSF_02,2017,177,1,0
DRSF,DRSF_02,2017,177,2,0
DRSF,DRSF_02,2017,177,3,0
DRSF,DRSF_02,2017,177,4,0
DRSF,DRSF_03,2012,197,1,0
DRSF,DRSF_03,2012,197,2,0
DRSF,DRSF_03,2012,197,3,0
DRSF,DRSF_03,2012,197,4,0
DRSF,DRSF_03,2013,196,1,0
DRSF,DRSF_03,2013,196,2,0
DRSF,DRSF_03,2013,196,3,0
DRSF,DRSF_03,2013,196,4,0
DRSF,DRSF_03,2015,200,1,0
DRSF,DRSF_03,2015,200,2,1
DRSF,DRSF_03,2015,200,3,0
DRSF,DRSF_03,2015,200,4,0
DRSF,DRSF_03,2016,202,1,1
DRSF,DRSF_03,2016,202,2,0
DRSF,DRSF_03,2016,202,3,0
DRSF,DRSF_03,2016,202,4,1
DRSF,DRSF_03,2017,177,1,1
DRSF,DRSF_03,2017,177,2,0
DRSF,DRSF_03,2017,177,3,1
DRSF,DRSF_03,2017,177,4,1
DRSF,DRSF_04,2012,167,1,0
DRSF,DRSF_04,2012,167,2,0
DRSF,DRSF_04,2012,167,3,0
DRSF,DRSF_04,2012,167,4,0
DRSF,DRSF_04,2013,196,1,0
DRSF,DRSF_04,2013,196,2,0
DRSF,DRSF_04,2013,196,3,0
DRSF,DRSF_04,2013,196,4,0
DRSF,DRSF_04,2015,203,1,0
DRSF,DRSF_04,2015,203,2,0
DRSF,DRSF_04,2015,203,3,0
DRSF,DRSF_04,2015,203,4,0
DRSF,DRSF_04,2016,202,1,0
DRSF,DRSF_04,2016,202,2,1
DRSF,DRSF_04,2016,202,3,0
DRSF,DRSF_04,2016,202,4,0
DRSF,DRSF_04,2017,177,1,0
DRSF,DRSF_04,2017,177,2,0
DRSF,DRSF_04,2017,177,3,0
DRSF,DRSF_04,2017,177,4,0
DRSF,DRSF_06,2012,167,1,0
DRSF,DRSF_06,2012,167,2,0
DRSF,DRSF_06,2012,167,3,0
DRSF,DRSF_06,2012,167,4,0
DRSF,DRSF_06,2013,196,1,0
DRSF,DRSF_06,2013,196,2,0
DRSF,DRSF_06,2013,196,3,0
DRSF,DRSF_06,2013,196,4,1
DRSF,DRSF_06,2015,200,1,0
DRSF,DRSF_06,2015,200,2,0
DRSF,DRSF_06,2015,200,3,0
DRSF,DRSF_06,2015,200,4,1
DRSF,DRSF_06,2016,202,1,0
DRSF,DRSF_06,2016,202,2,0
DRSF,DRSF_06,2016,202,3,0
DRSF,DRSF_06,2016,202,4,0
DRSF,DRSF_06,2017,176,1,1
DRSF,DRSF_06,2017,176,2,0
DRSF,DRSF_06,2017,176,3,0
DRSF,DRSF_06,2017,176,4,0
DRSF,DRSF_08,2012,201,1,0
DRSF,DRSF_08,2012,201,2,0
DRSF,DRSF_08,2012,201,3,0
DRSF,DRSF_08,2012,201,4,0
DRSF,DRSF_08,2013,198,1,0
DRSF,DRSF_08,2013,198,2,0
DRSF,DRSF_08,2013,198,3,0
DRSF,DRSF_08,2013,198,4,0
DRSF,DRSF_08,2015,196,1,0
DRSF,DRSF_08,2015,196,2,0
DRSF,DRSF_08,2015,196,3,0
DRSF,DRSF_08,2015,196,4,0
DRSF,DRSF_08,2016,207,1,0
DRSF,DRSF_08,2016,207,2,0
DRSF,DRSF_08,2016,207,3,0
DRSF,DRSF_08,2016,207,4,0
DRSF,DRSF_08,2017,170,1,0
DRSF,DRSF_08,2017,170,2,0
DRSF,DRSF_08,2017,170,3,0
DRSF,DRSF_08,2017,170,4,0
DRSF,DRSF_09,2012,201,1,1
DRSF,DRSF_09,2012,201,2,1
DRSF,DRSF_09,2012,201,3,0
DRSF,DRSF_09,2012,201,4,0
DRSF,DRSF_09,2013,198,1,0
DRSF,DRSF_09,2013,198,2,0
DRSF,DRSF_09,2013,198,3,0
DRSF,DRSF_09,2013,198,4,0
DRSF,DRSF_09,2015,196,1,0
DRSF,DRSF_09,2015,196,2,0
DRSF,DRSF_09,2015,196,3,0
DRSF,DRSF_09,2015,196,4,0
DRSF,DRSF_09,2016,207,1,0
DRSF,DRSF_09,2016,207,2,0
DRSF,DRSF_09,2016,207,3,0
DRSF,DRSF_09,2016,207,4,0
DRSF,DRSF_09,2017,170,1,0
DRSF,DRSF_09,2017,170,2,0
DRSF,DRSF_09,2017,170,3,0
DRSF,DRSF_09,2017,170,4,0
DRSF,DRSF_10,2012,201,1,0
DRSF,DRSF_10,2012,201,2,0
DRSF,DRSF_10,2012,201,3,0
DRSF,DRSF_10,2012,201,4,0
DRSF,DRSF_10,2013,198,1,1
DRSF,DRSF_10,2013,198,2,1
DRSF,DRSF_10,2013,198,3,0
DRSF,DRSF_10,2013,198,4,0
DRSF,DRSF_10,2015,196,1,0
DRSF,DRSF_10,2015,196,2,0
DRSF,DRSF_10,2015,196,3,0
DRSF,DRSF_10,2015,196,4,1
DRSF,DRSF_10,2016,207,1,0
DRSF,DRSF_10,2016,207,2,0
DRSF,DRSF_10,2016,207,3,0
DRSF,DRSF_10,2016,207,4,0
DRSF,DRSF_10,2017,170,1,1
DRSF,DRSF_10,2017,170,2,0
DRSF,DRSF_10,2017,170,3,0
DRSF,DRSF_10,2017,170,4,0
DRSF,DRSF_11,2012,201,1,0
DRSF,DRSF_11,2012,201,2,0
DRSF,DRSF_11,2012,201,3,0
DRSF,DRSF_11,2012,201,4,0
DRSF,DRSF_11,2013,198,1,0
DRSF,DRSF_11,2013,198,2,0
DRSF,DRSF_11,2013,198,3,1
DRSF,DRSF_11,2013,198,4,0
DRSF,DRSF_11,2015,197,1,0
DRSF,DRSF_11,2015,197,2,0
DRSF,DRSF_11,2015,197,3,0
DRSF,DRSF_11,2015,197,4,0
DRSF,DRSF_11,2016,207,1,0
DRSF,DRSF_11,2016,207,2,1
DRSF,DRSF_11,2016,207,3,0
DRSF,DRSF_11,2016,207,4,1
DRSF,DRSF_11,2017,176,1,1
DRSF,DRSF_11,2017,176,2,1
DRSF,DRSF_11,2017,176,3,0
DRSF,DRSF_11,2017,176,4,1
DRSF,DRSF_12,2012,201,1,0
DRSF,DRSF_12,2012,201,2,0
DRSF,DRSF_12,2012,201,3,0
DRSF,DRSF_12,2012,201,4,0
DRSF,DRSF_12,2013,198,1,1
DRSF,DRSF_12,2013,198,2,0
DRSF,DRSF_12,2013,198,3,0
DRSF,DRSF_12,2013,198,4,0
DRSF,DRSF_12,2015,196,1,1
DRSF,DRSF_12,2015,196,2,0
DRSF,DRSF_12,2015,196,3,0
DRSF,DRSF_12,2015,196,4,0
DRSF,DRSF_12,2016,207,1,0
DRSF,DRSF_12,2016,207,2,0
DRSF,DRSF_12,2016,207,3,0
DRSF,DRSF_12,2016,207,4,0
DRSF,DRSF_12,2017,170,1,0
DRSF,DRSF_12,2017,170,2,0
DRSF,DRSF_12,2017,170,3,0
DRSF,DRSF_12,2017,170,4,0
DRSF,DRSF_13,2012,167,1,0
DRSF,DRSF_13,2012,167,2,0
DRSF,DRSF_13,2012,167,3,0
DRSF,DRSF_13,2012,167,4,0
DRSF,DRSF_13,2013,198,1,0
DRSF,DRSF_13,2013,198,2,0
DRSF,DRSF_13,2013,198,3,0
DRSF,DRSF_13,2013,198,4,0
DRSF,DRSF_13,2015,196,1,0
DRSF,DRSF_13,2015,196,2,0
DRSF,DRSF_13,2015,196,3,0
DRSF,DRSF_13,2015,196,4,0
DRSF,DRSF_13,2016,207,1,0
DRSF,DRSF_13,2016,207,2,0
DRSF,DRSF_13,2016,207,3,0
DRSF,DRSF_13,2016,207,4,0
DRSF,DRSF_13,2017,170,1,0
DRSF,DRSF_13,2017,170,2,0
DRSF,DRSF_13,2017,170,3,0
DRSF,DRSF_13,2017,170,4,0
FP,FP_01,2012,190,1,1
FP,FP_01,2012,190,2,1
FP,FP_01,2012,190,3,1
FP,FP_01,2012,190,4,1
FP,FP_01,2013,170,1,1
FP,FP_01,2013,170,2,0
FP,FP_01,2013,170,3,1
FP,FP_01,2013,170,4,0
FP,FP_01,2015,150,1,0
FP,FP_01,2015,150,2,0
FP,FP_01,2015,150,3,0
FP,FP_01,2015,150,4,1
FP,FP_01,2016,172,1,1
FP,FP_01,2016,172,2,1
FP,FP_01,2016,172,3,1
FP,FP_01,2016,172,4,1
FP,FP_01,2017,154,1,1
FP,FP_01,2017,154,2,1
FP,FP_01,2017,154,3,0
FP,FP_01,2017,154,4,1
FP,FP_03,2012,190,1,1
FP,FP_03,2012,190,2,1
FP,FP_03,2012,190,3,0
FP,FP_03,2012,190,4,1
FP,FP_03,2013,170,1,1
FP,FP_03,2013,170,2,0
FP,FP_03,2013,170,3,0
FP,FP_03,2013,170,4,0
FP,FP_03,2015,150,1,1
FP,FP_03,2015,150,2,1
FP,FP_03,2015,150,3,0
FP,FP_03,2015,150,4,0
FP,FP_03,2016,172,1,0
FP,FP_03,2016,172,2,1
FP,FP_03,2016,172,3,1
FP,FP_03,2016,172,4,1
FP,FP_03,2017,154,1,0
FP,FP_03,2017,154,2,0
FP,FP_03,2017,154,3,1
FP,FP_03,2017,154,4,1
FP,FP_04,2012,190,1,0
FP,FP_04,2012,190,2,0
FP,FP_04,2012,190,3,0
FP,FP_04,2012,190,4,0
FP,FP_04,2013,170,1,0
FP,FP_04,2013,170,2,0
FP,FP_04,2013,170,3,1
FP,FP_04,2013,170,4,1
FP,FP_04,2015,150,1,0
FP,FP_04,2015,150,2,1
FP,FP_04,2015,150,3,0
FP,FP_04,2015,150,4,1
FP,FP_04,2016,172,1,1
FP,FP_04,2016,172,2,1
FP,FP_04,2016,172,3,1
FP,FP_04,2016,172,4,1
FP,FP_04,2017,154,1,1
FP,FP_04,2017,154,2,1
FP,FP_04,2017,154,3,1
FP,FP_04,2017,154,4,1
FP,FP_05,2012,183,1,1
FP,FP_05,2012,183,2,1
FP,FP_05,2012,183,3,1
FP,FP_05,2012,183,4,0
FP,FP_05,2013,170,1,1
FP,FP_05,2013,170,2,0
FP,FP_05,2013,170,3,0
FP,FP_05,2013,170,4,1
FP,FP_05,2015,150,1,0
FP,FP_05,2015,150,2,1
FP,FP_05,2015,150,3,0
FP,FP_05,2015,150,4,0
FP,FP_05,2016,166,1,0
FP,FP_05,2016,166,2,1
FP,FP_05,2016,166,3,0
FP,FP_05,2016,166,4,1
FP,FP_05,2017,154,1,1
FP,FP_05,2017,154,2,1
FP,FP_05,2017,154,3,0
FP,FP_05,2017,154,4,0
FP,FP_06,2012,183,1,0
FP,FP_06,2012,183,2,1
FP,FP_06,2012,183,3,1
FP,FP_06,2012,183,4,0
FP,FP_06,2013,170,1,1
FP,FP_06,2013,170,2,1
FP,FP_06,2013,170,3,0
FP,FP_06,2013,170,4,1
FP,FP_06,2015,151,1,1
FP,FP_06,2015,151,2,1
FP,FP_06,2015,151,3,1
FP,FP_06,2015,151,4,1
FP,FP_06,2016,166,1,0
FP,FP_06,2016,166,2,0
FP,FP_06,2016,166,3,1
FP,FP_06,2016,166,4,1
FP,FP_06,2017,154,1,1
FP,FP_06,2017,154,2,1
FP,FP_06,2017,154,3,1
FP,FP_06,2017,154,4,0
FP,FP_07,2012,190,1,1
FP,FP_07,2012,190,2,1
FP,FP_07,2012,190,3,1
FP,FP_07,2012,190,4,1
FP,FP_07,2013,170,1,1
FP,FP_07,2013,170,2,1
FP,FP_07,2013,170,3,0
FP,FP_07,2013,170,4,1
FP,FP_07,2015,151,1,1
FP,FP_07,2015,151,2,1
FP,FP_07,2015,151,3,1
FP,FP_07,2015,151,4,1
FP,FP_07,2016,166,1,1
FP,FP_07,2016,166,2,1
FP,FP_07,2016,166,3,0
FP,FP_07,2016,166,4,0
FP,FP_07,2017,155,1,0
FP,FP_07,2017,155,2,1
FP,FP_07,2017,155,3,1
FP,FP_07,2017,155,4,0
FTE,FTE_01,2012,194,1,0
FTE,FTE_01,2012,194,2,1
FTE,FTE_01,2012,194,3,1
FTE,FTE_01,2012,194,4,1
FTE,FTE_01,2013,194,1,0
FTE,FTE_01,2013,194,2,0
FTE,FTE_01,2013,194,3,0
FTE,FTE_01,2013,194,4,0
FTE,FTE_01,2015,151,1,1
FTE,FTE_01,2015,151,2,1
FTE,FTE_01,2015,151,3,0
FTE,FTE_01,2015,151,4,1
FTE,FTE_01,2016,212,1,0
FTE,FTE_01,2016,212,2,1
FTE,FTE_01,2016,212,3,1
FTE,FTE_01,2016,212,4,1
FTE,FTE_01,2017,175,1,0
FTE,FTE_01,2017,175,2,0
FTE,FTE_01,2017,175,3,0
FTE,FTE_01,2017,175,4,1
FTE,FTE_02,2012,194,1,0
FTE,FTE_02,2012,194,2,0
FTE,FTE_02,2012,194,3,0
FTE,FTE_02,2012,194,4,1
FTE,FTE_02,2013,194,1,0
FTE,FTE_02,2013,194,2,0
FTE,FTE_02,2013,194,3,0
FTE,FTE_02,2013,194,4,0
FTE,FTE_02,2015,155,1,1
FTE,FTE_02,2015,155,2,1
FTE,FTE_02,2015,155,3,1
FTE,FTE_02,2015,155,4,1
FTE,FTE_02,2016,212,1,1
FTE,FTE_02,2016,212,2,1
FTE,FTE_02,2016,212,3,1
FTE,FTE_02,2016,212,4,1
FTE,FTE_02,2017,175,1,0
FTE,FTE_02,2017,175,2,0
FTE,FTE_02,2017,175,3,1
FTE,FTE_02,2017,175,4,1
FTE,FTE_04,2012,194,1,0
FTE,FTE_04,2012,194,2,1
FTE,FTE_04,2012,194,3,1
FTE,FTE_04,2012,194,4,0
FTE,FTE_04,2013,194,1,0
FTE,FTE_04,2013,194,2,0
FTE,FTE_04,2013,194,3,0
FTE,FTE_04,2013,194,4,0
FTE,FTE_04,2015,151,1,1
FTE,FTE_04,2015,151,2,0
FTE,FTE_04,2015,151,3,0
FTE,FTE_04,2015,151,4,1
FTE,FTE_04,2016,212,1,0
FTE,FTE_04,2016,212,2,1
FTE,FTE_04,2016,212,3,1
FTE,FTE_04,2016,212,4,1
FTE,FTE_04,2017,175,1,1
FTE,FTE_04,2017,175,2,1
FTE,FTE_04,2017,175,3,1
FTE,FTE_04,2017,175,4,1
FTE,FTE_06,2012,194,1,0
FTE,FTE_06,2012,194,2,1
FTE,FTE_06,2012,194,3,1
FTE,FTE_06,2012,194,4,1
FTE,FTE_06,2013,194,1,0
FTE,FTE_06,2013,194,2,0
FTE,FTE_06,2013,194,3,0
FTE,FTE_06,2013,194,4,1
FTE,FTE_06,2015,151,1,0
FTE,FTE_06,2015,151,2,1
FTE,FTE_06,2015,151,3,0
FTE,FTE_06,2015,151,4,1
FTE,FTE_06,2016,212,1,0
FTE,FTE_06,2016,212,2,0
FTE,FTE_06,2016,212,3,0
FTE,FTE_06,2016,212,4,0
FTE,FTE_06,2017,175,1,0
FTE,FTE_06,2017,175,2,0
FTE,FTE_06,2017,175,3,0
FTE,FTE_06,2017,175,4,0
FTE,FTE_07,2012,194,1,0
FTE,FTE_07,2012,194,2,0
FTE,FTE_07,2012,194,3,1
FTE,FTE_07,2012,194,4,1
FTE,FTE_07,2013,194,1,0
FTE,FTE_07,2013,194,2,0
FTE,FTE_07,2013,194,3,0
FTE,FTE_07,2013,194,4,0
FTE,FTE_07,2015,155,1,0
FTE,FTE_07,2015,155,2,0
FTE,FTE_07,2015,155,3,0
FTE,FTE_07,2015,155,4,0
FTE,FTE_07,2016,212,1,0
FTE,FTE_07,2016,212,2,1
FTE,FTE_07,2016,212,3,1
FTE,FTE_07,2016,212,4,1
FTE,FTE_07,2017,175,1,0
FTE,FTE_07,2017,175,2,1
FTE,FTE_07,2017,175,3,1
FTE,FTE_07,2017,175,4,0
FTE,FTE_08,2012,194,1,1
FTE,FTE_08,2012,194,2,1
FTE,FTE_08,2012,194,3,1
FTE,FTE_08,2012,194,4,1
FTE,FTE_08,2013,194,1,1
FTE,FTE_08,2013,194,2,0
FTE,FTE_08,2013,194,3,0
FTE,FTE_08,2013,194,4,0
FTE,FTE_08,2015,155,1,1
FTE,FTE_08,2015,155,2,1
FTE,FTE_08,2015,155,3,0
FTE,FTE_08,2015,155,4,0
FTE,FTE_08,2016,212,1,1
FTE,FTE_08,2016,212,2,0
FTE,FTE_08,2016,212,3,1
FTE,FTE_08,2016,212,4,0
FTE,FTE_08,2017,175,1,0
FTE,FTE_08,2017,175,2,1
FTE,FTE_08,2017,175,3,1
FTE,FTE_08,2017,175,4,0
GT,GT_01,2012,191,1,0
GT,GT_01,2012,191,2,1
GT,GT_01,2012,191,3,1
GT,GT_01,2012,191,4,0
GT,GT_01,2013,172,1,0
GT,GT_01,2013,172,2,0
GT,GT_01,2013,172,3,1
GT,GT_01,2013,172,4,1
GT,GT_01,2015,171,1,0
GT,GT_01,2015,171,2,0
GT,GT_01,2015,171,3,0
GT,GT_01,2015,171,4,1
GT,GT_01,2016,165,1,0
GT,GT_01,2016,165,2,0
GT,GT_01,2016,165,3,0
GT,GT_01,2016,165,4,1
GT,GT_01,2017,155,1,0
GT,GT_01,2017,155,2,0
GT,GT_01,2017,155,3,0
GT,GT_01,2017,155,4,0
GT,GT_02,2012,191,1,1
GT,GT_02,2012,191,2,1
GT,GT_02,2012,191,3,1
GT,GT_02,2012,191,4,1
GT,GT_02,2013,172,1,1
GT,GT_02,2013,172,2,1
GT,GT_02,2013,172,3,1
GT,GT_02,2013,172,4,0
GT,GT_02,2015,171,1,1
GT,GT_02,2015,171,2,1
GT,GT_02,2015,171,3,1
GT,GT_02,2015,171,4,1
GT,GT_02,2016,165,1,1
GT,GT_02,2016,165,2,1
GT,GT_02,2016,165,3,1
GT,GT_02,2016,165,4,1
GT,GT_02,2017,155,1,1
GT,GT_02,2017,155,2,1
GT,GT_02,2017,155,3,0
GT,GT_02,2017,155,4,0
GT,GT_03,2012,191,1,1
GT,GT_03,2012,191,2,1
GT,GT_03,2012,191,3,1
GT,GT_03,2012,191,4,1
GT,GT_03,2013,179,1,1
GT,GT_03,2013,179,2,1
GT,GT_03,2013,179,3,1
GT,GT_03,2013,179,4,0
GT,GT_03,2015,172,1,1
GT,GT_03,2015,172,2,0
GT,GT_03,2015,172,3,0
GT,GT_03,2015,172,4,1
GT,GT_03,2016,162,1,0
GT,GT_03,2016,162,2,0
GT,GT_03,2016,162,3,0
GT,GT_03,2016,162,4,0
GT,GT_03,2017,155,1,0
GT,GT_03,2017,155,2,1
GT,GT_03,2017,155,3,0
GT,GT_03,2017,155,4,0
GT,GT_04,2012,191,1,1
GT,GT_04,2012,191,2,1
GT,GT_04,2012,191,3,1
GT,GT_04,2012,191,4,1
GT,GT_04,2013,172,1,1
GT,GT_04,2013,172,2,1
GT,GT_04,2013,172,3,1
GT,GT_04,2013,172,4,0
GT,GT_04,2015,171,1,1
GT,GT_04,2015,171,2,1
GT,GT_04,2015,171,3,1
GT,GT_04,2015,171,4,1
GT,GT_04,2016,165,1,1
GT,GT_04,2016,165,2,0
GT,GT_04,2016,165,3,1
GT,GT_04,2016,165,4,1
GT,GT_04,2017,155,1,0
GT,GT_04,2017,155,2,1
GT,GT_04,2017,155,3,0
GT,GT_04,2017,155,4,0
GT,GT_05,2012,190,1,0
GT,GT_05,2012,190,2,1
GT,GT_05,2012,190,3,0
GT,GT_05,2012,190,4,0
GT,GT_05,2013,172,1,0
GT,GT_05,2013,172,2,0
GT,GT_05,2013,172,3,0
GT,GT_05,2013,172,4,0
GT,GT_05,2015,172,1,0
GT,GT_05,2015,172,2,0
GT,GT_05,2015,172,3,1
GT,GT_05,2015,172,4,0
GT,GT_05,2016,162,1,0
GT,GT_05,2016,162,2,0
GT,GT_05,2016,162,3,0
GT,GT_05,2016,162,4,0
GT,GT_05,2017,155,1,0
GT,GT_05,2017,155,2,1
GT,GT_05,2017,155,3,0
GT,GT_05,2017,155,4,0
NNP,NNP_01,2012,215,1,0
NNP,NNP_01,2012,215,2,0
NNP,NNP_01,2012,215,3,1
NNP,NNP_01,2012,215,4,1
NNP,NNP_01,2013,191,1,0
NNP,NNP_01,2013,191,2,0
NNP,NNP_01,2013,191,3,0
NNP,NNP_01,2013,191,4,0
NNP,NNP_01,2015,198,1,1
NNP,NNP_01,2015,198,2,0
NNP,NNP_01,2015,198,3,1
NNP,NNP_01,2015,198,4,0
NNP,NNP_01,2016,196,1,1
NNP,NNP_01,2016,196,2,1
NNP,NNP_01,2016,196,3,0
NNP,NNP_01,2016,196,4,1
NNP,NNP_01,2017,149,1,0
NNP,NNP_01,2017,149,2,0
NNP,NNP_01,2017,149,3,1
NNP,NNP_01,2017,149,4,1
NNP,NNP_03,2012,216,1,1
NNP,NNP_03,2012,216,2,1
NNP,NNP_03,2012,216,3,1
NNP,NNP_03,2012,216,4,1
NNP,NNP_03,2013,191,1,1
NNP,NNP_03,2013,191,2,1
NNP,NNP_03,2013,191,3,1
NNP,NNP_03,2013,191,4,1
NNP,NNP_03,2015,191,1,1
NNP,NNP_03,2015,191,2,0
NNP,NNP_03,2015,191,3,0
NNP,NNP_03,2015,191,4,1
NNP,NNP_03,2016,194,1,1
NNP,NNP_03,2016,194,2,0
NNP,NNP_03,2016,194,3,0
NNP,NNP_03,2016,194,4,0
NNP,NNP_03,2017,152,1,1
NNP,NNP_03,2017,152,2,1
NNP,NNP_03,2017,152,3,0
NNP,NNP_03,2017,152,4,0
NNP,NNP_08,2012,216,1,0
NNP,NNP_08,2012,216,2,0
NNP,NNP_08,2012,216,3,1
NNP,NNP_08,2012,216,4,0
NNP,NNP_08,2013,192,1,0
NNP,NNP_08,2013,192,2,1
NNP,NNP_08,2013,192,3,0
NNP,NNP_08,2013,192,4,0
NNP,NNP_08,2015,198,1,0
NNP,NNP_08,2015,198,2,1
NNP,NNP_08,2015,198,3,0
NNP,NNP_08,2015,198,4,0
NNP,NNP_08,2016,196,1,0
NNP,NNP_08,2016,196,2,1
NNP,NNP_08,2016,196,3,0
NNP,NNP_08,2016,196,4,1
NNP,NNP_08,2017,146,1,1
NNP,NNP_08,2017,146,2,1
NNP,NNP_08,2017,146,3,1
NNP,NNP_08,2017,146,4,0
NNP,NNP_09,2012,216,1,0
NNP,NNP_09,2012,216,2,1
NNP,NNP_09,2012,216,3,1
NNP,NNP_09,2012,216,4,1
NNP,NNP_09,2013,189,1,0
NNP,NNP_09,2013,189,2,1
NNP,NNP_09,2013,189,3,0
NNP,NNP_09,2013,189,4,0
NNP,NNP_09,2015,197,1,0
NNP,NNP_09,2015,197,2,1
NNP,NNP_09,2015,197,3,1
NNP,NNP_09,2015,197,4,1
NNP,NNP_09,2016,196,1,0
NNP,NNP_09,2016,196,2,1
NNP,NNP_09,2016,196,3,0
NNP,NNP_09,2016,196,4,0
NNP,NNP_09,2017,146,1,0
NNP,NNP_09,2017,146,2,0
NNP,NNP_09,2017,146,3,1
NNP,NNP_09,2017,146,4,0
NNP,NNP_10,2012,215,1,0
NNP,NNP_10,2012,215,2,1
NNP,NNP_10,2012,215,3,1
NNP,NNP_10,2012,215,4,0
NNP,NNP_10,2013,189,1,0
NNP,NNP_10,2013,189,2,1
NNP,NNP_10,2013,189,3,0
NNP,NNP_10,2013,189,4,0
NNP,NNP_10,2015,191,1,0
NNP,NNP_10,2015,191,2,0
NNP,NNP_10,2015,191,3,0
NNP,NNP_10,2015,191,4,1
NNP,NNP_10,2016,194,1,0
NNP,NNP_10,2016,194,2,0
NNP,NNP_10,2016,194,3,1
NNP,NNP_10,2016,194,4,1
NNP,NNP_10,2017,146,1,0
NNP,NNP_10,2017,146,2,0
NNP,NNP_10,2017,146,3,0
NNP,NNP_10,2017,146,4,0
NNP,NNP_12,2012,216,1,1
NNP,NNP_12,2012,216,2,1
NNP,NNP_12,2012,216,3,0
NNP,NNP_12,2012,216,4,0
NNP,NNP_12,2013,191,1,0
NNP,NNP_12,2013,191,2,0
NNP,NNP_12,2013,191,3,1
NNP,NNP_12,2013,191,4,0
NNP,NNP_12,2015,191,1,0
NNP,NNP_12,2015,191,2,0
NNP,NNP_12,2015,191,3,1
NNP,NNP_12,2015,191,4,0
NNP,NNP_12,2016,194,1,0
NNP,NNP_12,2016,194,2,0
NNP,NNP_12,2016,194,3,0
NNP,NNP_12,2016,194,4,0
NNP,NNP_12,2017,152,1,1
NNP,NNP_12,2017,152,2,1
NNP,NNP_12,2017,152,3,1
NNP,NNP_12,2017,152,4,0
NNP,NNP_18,2012,215,1,0
NNP,NNP_18,2012,215,2,1
NNP,NNP_18,2012,215,3,1
NNP,NNP_18,2012,215,4,1
NNP,NNP_18,2013,191,1,1
NNP,NNP_18,2013,191,2,1
NNP,NNP_18,2013,191,3,0
NNP,NNP_18,2013,191,4,0
NNP,NNP_18,2015,197,1,1
NNP,NNP_18,2015,197,2,1
NNP,NNP_18,2015,197,3,0
NNP,NNP_18,2015,197,4,1
NNP,NNP_18,2016,196,1,1
NNP,NNP_18,2016,196,2,1
NNP,NNP_18,2016,196,3,1
NNP,NNP_18,2016,196,4,1
NNP,NNP_18,2017,149,1,0
NNP,NNP_18,2017,149,2,1
NNP,NNP_18,2017,149,3,0
NNP,NNP_18,2017,149,4,0
NNP,NNP_20,2012,216,1,1
NNP,NNP_20,2012,216,2,0
NNP,NNP_20,2012,216,3,1
NNP,NNP_20,2012,216,4,1
NNP,NNP_20,2013,189,1,0
NNP,NNP_20,2013,189,2,0
NNP,NNP_20,2013,189,3,0
NNP,NNP_20,2013,189,4,0
NNP,NNP_20,2015,197,1,0
NNP,NNP_20,2015,197,2,0
NNP,NNP_20,2015,197,3,1
NNP,NNP_20,2015,197,4,1
NNP,NNP_20,2016,196,1,1
NNP,NNP_20,2016,196,2,1
NNP,NNP_20,2016,196,3,0
NNP,NNP_20,2016,196,4,1
NNP,NNP_20,2017,146,1,1
NNP,NNP_20,2017,146,2,0
NNP,NNP_20,2017,146,3,1
NNP,NNP_20,2017,146,4,0
NNP,NNP_23,2012,216,1,1
NNP,NNP_23,2012,216,2,1
NNP,NNP_23,2012,216,3,1
NNP,NNP_23,2012,216,4,1
NNP,NNP_23,2013,192,1,0
NNP,NNP_23,2013,192,2,1
NNP,NNP_23,2013,192,3,1
NNP,NNP_23,2013,192,4,1
NNP,NNP_23,2015,192,1,1
NNP,NNP_23,2015,192,2,0
NNP,NNP_23,2015,192,3,0
NNP,NNP_23,2015,192,4,0
NNP,NNP_23,2016,194,1,1
NNP,NNP_23,2016,194,2,0
NNP,NNP_23,2016,194,3,1
NNP,NNP_23,2016,194,4,1
NNP,NNP_23,2017,151,1,0
NNP,NNP_23,2017,151,2,0
NNP,NNP_23,2017,151,3,1
NNP,NNP_23,2017,151,4,1
NNP,NNP_29,2012,215,1,1
NNP,NNP_29,2012,215,2,0
NNP,NNP_29,2012,215,3,1
NNP,NNP_29,2012,215,4,1
NNP,NNP_29,2013,189,1,0
NNP,NNP_29,2013,189,2,0
NNP,NNP_29,2013,189,3,1
NNP,NNP_29,2013,189,4,1
NNP,NNP_29,2015,197,1,0
NNP,NNP_29,2015,197,2,1
NNP,NNP_29,2015,197,3,1
NNP,NNP_29,2015,197,4,1
NNP,NNP_29,2016,196,1,1
NNP,NNP_29,2016,196,2,1
NNP,NNP_29,2016,196,3,0
NNP,NNP_29,2016,196,4,0
NNP,NNP_29,2017,149,1,1
NNP,NNP_29,2017,149,2,0
NNP,NNP_29,2017,149,3,1
NNP,NNP_29,2017,149,4,1
NNP,NNP_30,2012,216,1,1
NNP,NNP_30,2012,216,2,1
NNP,NNP_30,2012,216,3,1
NNP,NNP_30,2012,216,4,1
NNP,NNP_30,2013,192,1,1
NNP,NNP_30,2013,192,2,1
NNP,NNP_30,2013,192,3,1
NNP,NNP_30,2013,192,4,1
NNP,NNP_30,2015,192,1,1
NNP,NNP_30,2015,192,2,1
NNP,NNP_30,2015,192,3,1
NNP,NNP_30,2015,192,4,0
NNP,NNP_30,2016,194,1,1
NNP,NNP_30,2016,194,2,1
NNP,NNP_30,2016,194,3,1
NNP,NNP_30,2016,194,4,0
NNP,NNP_30,2017,151,1,0
NNP,NNP_30,2017,151,2,1
NNP,NNP_30,2017,151,3,0
NNP,NNP_30,2017,151,4,1
NNP,NNP_31,2012,216,1,0
NNP,NNP_31,2012,216,2,1
NNP,NNP_31,2012,216,3,0
NNP,NNP_31,2012,216,4,0
NNP,NNP_31,2013,191,1,1
NNP,NNP_31,2013,191,2,1
NNP,NNP_31,2013,191,3,1
NNP,NNP_31,2013,191,4,0
NNP,NNP_31,2015,191,1,0
NNP,NNP_31,2015,191,2,1
NNP,NNP_31,2015,191,3,1
NNP,NNP_31,2015,191,4,0
NNP,NNP_31,2016,194,1,1
NNP,NNP_31,2016,194,2,0
NNP,NNP_31,2016,194,3,0
NNP,NNP_31,2016,194,4,0
NNP,NNP_31,2017,152,1,0
NNP,NNP_31,2017,152,2,0
NNP,NNP_31,2017,152,3,0
NNP,NNP_31,2017,152,4,0
NQP,NQP_02,2012,207,1,1
NQP,NQP_02,2012,207,2,1
NQP,NQP_02,2012,207,3,1
NQP,NQP_02,2012,207,4,1
NQP,NQP_02,2013,162,1,1
NQP,NQP_02,2013,162,2,1
NQP,NQP_02,2013,162,3,0
NQP,NQP_02,2013,162,4,1
NQP,NQP_02,2015,170,1,0
NQP,NQP_02,2015,170,2,1
NQP,NQP_02,2015,170,3,0
NQP,NQP_02,2015,170,4,0
NQP,NQP_02,2016,183,1,1
NQP,NQP_02,2016,183,2,1
NQP,NQP_02,2016,183,3,0
NQP,NQP_02,2016,183,4,0
NQP,NQP_02,2017,174,1,1
NQP,NQP_02,2017,174,2,0
NQP,NQP_02,2017,174,3,0
NQP,NQP_02,2017,174,4,0
NQP,NQP_03,2012,207,1,0
NQP,NQP_03,2012,207,2,1
NQP,NQP_03,2012,207,3,1
NQP,NQP_03,2012,207,4,1
NQP,NQP_03,2013,162,1,0
NQP,NQP_03,2013,162,2,1
NQP,NQP_03,2013,162,3,1
NQP,NQP_03,2013,162,4,1
NQP,NQP_03,2015,170,1,1
NQP,NQP_03,2015,170,2,1
NQP,NQP_03,2015,170,3,0
NQP,NQP_03,2015,170,4,0
NQP,NQP_03,2016,182,1,0
NQP,NQP_03,2016,182,2,1
NQP,NQP_03,2016,182,3,1
NQP,NQP_03,2016,182,4,1
NQP,NQP_03,2017,174,1,0
NQP,NQP_03,2017,174,2,1
NQP,NQP_03,2017,174,3,0
NQP,NQP_03,2017,174,4,1
NQP,NQP_04,2012,193,1,1
NQP,NQP_04,2012,193,2,1
NQP,NQP_04,2012,193,3,1
NQP,NQP_04,2012,193,4,1
NQP,NQP_04,2013,162,1,0
NQP,NQP_04,2013,162,2,0
NQP,NQP_04,2013,162,3,1
NQP,NQP_04,2013,162,4,1
NQP,NQP_04,2015,170,1,0
NQP,NQP_04,2015,170,2,1
NQP,NQP_04,2015,170,3,0
NQP,NQP_04,2015,170,4,1
NQP,NQP_04,2016,188,1,1
NQP,NQP_04,2016,188,2,1
NQP,NQP_04,2016,188,3,1
NQP,NQP_04,2016,188,4,1
NQP,NQP_04,2017,174,1,1
NQP,NQP_04,2017,174,2,1
NQP,NQP_04,2017,174,3,0
NQP,NQP_04,2017,174,4,0
NQP,NQP_05,2012,207,1,1
NQP,NQP_05,2012,207,2,0
NQP,NQP_05,2012,207,3,1
NQP,NQP_05,2012,207,4,0
NQP,NQP_05,2013,162,1,1
NQP,NQP_05,2013,162,2,0
NQP,NQP_05,2013,162,3,1
NQP,NQP_05,2013,162,4,1
NQP,NQP_05,2015,170,1,0
NQP,NQP_05,2015,170,2,0
NQP,NQP_05,2015,170,3,0
NQP,NQP_05,2015,170,4,0
NQP,NQP_05,2016,188,1,0
NQP,NQP_05,2016,188,2,0
NQP,NQP_05,2016,188,3,0
NQP,NQP_05,2016,188,4,0
NQP,NQP_05,2017,174,1,0
NQP,NQP_05,2017,174,2,0
NQP,NQP_05,2017,174,3,1
NQP,NQP_05,2017,174,4,1
NQP,NQP_06,2012,207,1,1
NQP,NQP_06,2012,207,2,1
NQP,NQP_06,2012,207,3,1
NQP,NQP_06,2012,207,4,1
NQP,NQP_06,2013,162,1,0
NQP,NQP_06,2013,162,2,0
NQP,NQP_06,2013,162,3,1
NQP,NQP_06,2013,162,4,1
NQP,NQP_06,2015,170,1,0
NQP,NQP_06,2015,170,2,1
NQP,NQP_06,2015,170,3,1
NQP,NQP_06,2015,170,4,0
NQP,NQP_06,2016,182,1,1
NQP,NQP_06,2016,182,2,0
NQP,NQP_06,2016,182,3,1
NQP,NQP_06,2016,182,4,0
NQP,NQP_06,2017,174,1,0
NQP,NQP_06,2017,174,2,1
NQP,NQP_06,2017,174,3,0
NQP,NQP_06,2017,174,4,1
SB,SB_01,2012,207,1,0
SB,SB_01,2012,207,2,1
SB,SB_01,2012,207,3,0
SB,SB_01,2012,207,4,1
SB,SB_01,2013,178,1,1
SB,SB_01,2013,178,2,1
SB,SB_01,2013,178,3,1
SB,SB_01,2013,178,4,1
SB,SB_01,2015,172,1,1
SB,SB_01,2015,172,2,1
SB,SB_01,2015,172,3,1
SB,SB_01,2015,172,4,0
SB,SB_01,2016,181,1,1
SB,SB_01,2016,181,2,0
SB,SB_01,2016,181,3,1
SB,SB_01,2016,181,4,1
SB,SB_01,2017,153,1,1
SB,SB_01,2017,153,2,1
SB,SB_01,2017,153,3,0
SB,SB_01,2017,153,4,0
SB,SB_02,2012,207,1,0
SB,SB_02,2012,207,2,1
SB,SB_02,2012,207,3,0
SB,SB_02,2012,207,4,1
SB,SB_02,2013,178,1,0
SB,SB_02,2013,178,2,1
SB,SB_02,2013,178,3,0
SB,SB_02,2013,178,4,1
SB,SB_02,2015,172,1,1
SB,SB_02,2015,172,2,1
SB,SB_02,2015,172,3,1
SB,SB_02,2015,172,4,1
SB,SB_02,2016,181,1,0
SB,SB_02,2016,181,2,1
SB,SB_02,2016,181,3,0
SB,SB_02,2016,181,4,1
SB,SB_02,2017,153,1,0
SB,SB_02,2017,153,2,1
SB,SB_02,2017,153,3,1
SB,SB_02,2017,153,4,1
SB,SB_03,2012,207,1,0
SB,SB_03,2012,207,2,0
SB,SB_03,2012,207,3,0
SB,SB_03,2012,207,4,0
SB,SB_03,2013,178,1,0
SB,SB_03,2013,178,2,1
SB,SB_03,2013,178,3,0
SB,SB_03,2013,178,4,1
SB,SB_03,2015,172,1,1
SB,SB_03,2015,172,2,1
SB,SB_03,2015,172,3,1
SB,SB_03,2015,172,4,1
SB,SB_03,2016,181,1,1
SB,SB_03,2016,181,2,1
SB,SB_03,2016,181,3,1
SB,SB_03,2016,181,4,1
SB,SB_03,2017,153,1,0
SB,SB_03,2017,153,2,1
SB,SB_03,2017,153,3,1
SB,SB_03,2017,153,4,1
SPSF,SPSF_01,2012,206,1,1
SPSF,SPSF_01,2012,206,2,1
SPSF,SPSF_01,2012,206,3,1
SPSF,SPSF_01,2012,206,4,1
SPSF,SPSF_01,2013,199,1,1
SPSF,SPSF_01,2013,199,2,1
SPSF,SPSF_01,2013,199,3,0
SPSF,SPSF_01,2013,199,4,1
SPSF,SPSF_01,2015,200,1,0
SPSF,SPSF_01,2015,200,2,0
SPSF,SPSF_01,2015,200,3,0
SPSF,SPSF_01,2015,200,4,0
SPSF,SPSF_01,2016,201,1,1
SPSF,SPSF_01,2016,201,2,1
SPSF,SPSF_01,2016,201,3,1
SPSF,SPSF_01,2016,201,4,1
SPSF,SPSF_01,2017,180,1,1
SPSF,SPSF_01,2017,180,2,1
SPSF,SPSF_01,2017,180,3,0
SPSF,SPSF_01,2017,180,4,1
SPSF,SPSF_02,2012,205,1,0
SPSF,SPSF_02,2012,205,2,0
SPSF,SPSF_02,2012,205,3,0
SPSF,SPSF_02,2012,205,4,0
SPSF,SPSF_02,2013,199,1,0
SPSF,SPSF_02,2013,199,2,1
SPSF,SPSF_02,2013,199,3,1
SPSF,SPSF_02,2013,199,4,1
SPSF,SPSF_02,2015,200,1,0
SPSF,SPSF_02,2015,200,2,0
SPSF,SPSF_02,2015,200,3,0
SPSF,SPSF_02,2015,200,4,0
SPSF,SPSF_02,2016,201,1,1
SPSF,SPSF_02,2016,201,2,0
SPSF,SPSF_02,2016,201,3,0
SPSF,SPSF_02,2016,201,4,0
SPSF,SPSF_02,2017,180,1,0
SPSF,SPSF_02,2017,180,2,1
SPSF,SPSF_02,2017,180,3,0
SPSF,SPSF_02,2017,180,4,1
SPSF,SPSF_03,2012,205,1,0
SPSF,SPSF_03,2012,205,2,0
SPSF,SPSF_03,2012,205,3,0
SPSF,SPSF_03,2012,205,4,0
SPSF,SPSF_03,2013,199,1,1
SPSF,SPSF_03,2013,199,2,1
SPSF,SPSF_03,2013,199,3,0
SPSF,SPSF_03,2013,199,4,1
SPSF,SPSF_03,2015,200,1,0
SPSF,SPSF_03,2015,200,2,1
SPSF,SPSF_03,2015,200,3,0
SPSF,SPSF_03,2015,200,4,0
SPSF,SPSF_03,2016,201,1,1
SPSF,SPSF_03,2016,201,2,0
SPSF,SPSF_03,2016,201,3,0
SPSF,SPSF_03,2016,201,4,1
SPSF,SPSF_03,2017,180,1,0
SPSF,SPSF_03,2017,180,2,0
SPSF,SPSF_03,2017,180,3,1
SPSF,SPSF_03,2017,180,4,1
SPSF,SPSF_04,2012,206,1,0
SPSF,SPSF_04,2012,206,2,0
SPSF,SPSF_04,2012,206,3,0
SPSF,SPSF_04,2012,206,4,0
SPSF,SPSF_04,2013,199,1,0
SPSF,SPSF_04,2013,199,2,1
SPSF,SPSF_04,2013,199,3,1
SPSF,SPSF_04,2013,199,4,0
SPSF,SPSF_04,2015,199,1,0
SPSF,SPSF_04,2015,199,2,0
SPSF,SPSF_04,2015,199,3,0
SPSF,SPSF_04,2015,199,4,0
SPSF,SPSF_04,2016,201,1,0
SPSF,SPSF_04,2016,201,2,0
SPSF,SPSF_04,2016,201,3,0
SPSF,SPSF_04,2016,201,4,0
SPSF,SPSF_04,2017,180,1,0
SPSF,SPSF_04,2017,180,2,0
SPSF,SPSF_04,2017,180,3,0
SPSF,SPSF_04,2017,180,4,0
SPSF,SPSF_06,2012,205,1,1
SPSF,SPSF_06,2012,205,2,1
SPSF,SPSF_06,2012,205,3,0
SPSF,SPSF_06,2012,205,4,1
SPSF,SPSF_06,2013,199,1,0
SPSF,SPSF_06,2013,199,2,0
SPSF,SPSF_06,2013,199,3,0
SPSF,SPSF_06,2013,199,4,0
SPSF,SPSF_06,2015,200,1,1
SPSF,SPSF_06,2015,200,2,0
SPSF,SPSF_06,2015,200,3,1
SPSF,SPSF_06,2015,200,4,0
SPSF,SPSF_06,2016,201,1,0
SPSF,SPSF_06,2016,201,2,0
SPSF,SPSF_06,2016,201,3,0
SPSF,SPSF_06,2016,201,4,0
SPSF,SPSF_06,2017,180,1,0
SPSF,SPSF_06,2017,180,2,0
SPSF,SPSF_06,2017,180,3,0
SPSF,SPSF_06,2017,180,4,0
WAM,WAM_01,2012,198,1,1
WAM,WAM_01,2012,198,2,1
WAM,WAM_01,2012,198,3,1
WAM,WAM_01,2012,198,4,0
WAM,WAM_01,2013,150,1,1
WAM,WAM_01,2013,150,2,1
WAM,WAM_01,2013,150,3,0
WAM,WAM_01,2013,150,4,1
WAM,WAM_01,2015,156,1,1
WAM,WAM_01,2015,156,2,0
WAM,WAM_01,2015,156,3,0
WAM,WAM_01,2015,156,4,0
WAM,WAM_01,2016,158,1,0
WAM,WAM_01,2016,158,2,0
WAM,WAM_01,2016,158,3,0
WAM,WAM_01,2016,158,4,0
WAM,WAM_01,2017,193,1,0
WAM,WAM_01,2017,193,2,0
WAM,WAM_01,2017,193,3,0
WAM,WAM_01,2017,193,4,0
WAM,WAM_02,2012,192,1,1
WAM,WAM_02,2012,192,2,0
WAM,WAM_02,2012,192,3,0
WAM,WAM_02,2012,192,4,0
WAM,WAM_02,2013,150,1,1
WAM,WAM_02,2013,150,2,1
WAM,WAM_02,2013,150,3,1
WAM,WAM_02,2013,150,4,1
WAM,WAM_02,2015,162,1,1
WAM,WAM_02,2015,162,2,0
WAM,WAM_02,2015,162,3,0
WAM,WAM_02,2015,162,4,1
WAM,WAM_02,2016,153,1,0
WAM,WAM_02,2016,153,2,1
WAM,WAM_02,2016,153,3,1
WAM,WAM_02,2016,153,4,1
WAM,WAM_02,2017,162,1,1
WAM,WAM_02,2017,162,2,1
WAM,WAM_02,2017,162,3,1
WAM,WAM_02,2017,162,4,1
WAM,WAM_03,2012,198,1,0
WAM,WAM_03,2012,198,2,0
WAM,WAM_03,2012,198,3,0
WAM,WAM_03,2012,198,4,0
WAM,WAM_03,2013,151,1,0
WAM,WAM_03,2013,151,2,0
WAM,WAM_03,2013,151,3,1
WAM,WAM_03,2013,151,4,1
WAM,WAM_03,2015,156,1,1
WAM,WAM_03,2015,156,2,0
WAM,WAM_03,2015,156,3,0
WAM,WAM_03,2015,156,4,0
WAM,WAM_03,2016,158,1,0
WAM,WAM_03,2016,158,2,0
WAM,WAM_03,2016,158,3,0
WAM,WAM_03,2016,158,4,0
WAM,WAM_03,2017,151,1,0
WAM,WAM_03,2017,151,2,0
WAM,WAM_03,2017,151,3,0
WAM,WAM_03,2017,151,4,0
WAM,WAM_05,2012,192,1,1
WAM,WAM_05,2012,192,2,1
WAM,WAM_05,2012,192,3,1
WAM,WAM_05,2012,192,4,1
WAM,WAM_05,2013,151,1,1
WAM,WAM_05,2013,151,2,1
WAM,WAM_05,2013,151,3,1
WAM,WAM_05,2013,151,4,0
WAM,WAM_05,2015,161,1,1
WAM,WAM_05,2015,161,2,1
WAM,WAM_05,2015,161,3,1
WAM,WAM_05,2015,161,4,1
WAM,WAM_05,2016,159,1,1
WAM,WAM_05,2016,159,2,1
WAM,WAM_05,2016,159,3,1
WAM,WAM_05,2016,159,4,1
WAM,WAM_05,2017,162,1,0
WAM,WAM_05,2017,162,2,1
WAM,WAM_05,2017,162,3,0
WAM,WAM_05,2017,162,4,1
WAM,WAM_06,2012,192,1,1
WAM,WAM_06,2012,192,2,1
WAM,WAM_06,2012,192,3,1
WAM,WAM_06,2012,192,4,1
WAM,WAM_06,2013,151,1,1
WAM,WAM_06,2013,151,2,0
WAM,WAM_06,2013,151,3,1
WAM,WAM_06,2013,151,4,0
WAM,WAM_06,2015,160,1,0
WAM,WAM_06,2015,160,2,0
WAM,WAM_06,2015,160,3,0
WAM,WAM_06,2015,160,4,0
WAM,WAM_06,2016,161,1,1
WAM,WAM_06,2016,161,2,1
WAM,WAM_06,2016,161,3,0
WAM,WAM_06,2016,161,4,1
WAM,WAM_06,2017,162,1,1
WAM,WAM_06,2017,162,2,0
WAM,WAM_06,2017,162,3,0
WAM,WAM_06,2017,162,4,1
WAM,WAM_07,2012,198,1,0
WAM,WAM_07,2012,198,2,0
WAM,WAM_07,2012,198,3,0
WAM,WAM_07,2012,198,4,0
WAM,WAM_07,2013,150,1,0
WAM,WAM_07,2013,150,2,0
WAM,WAM_07,2013,150,3,1
WAM,WAM_07,2013,150,4,0
WAM,WAM_07,2015,156,1,1
WAM,WAM_07,2015,156,2,1
WAM,WAM_07,2015,156,3,0
WAM,WAM_07,2015,156,4,0
WAM,WAM_07,2016,154,1,0
WAM,WAM_07,2016,154,2,0
WAM,WAM_07,2016,154,3,0
WAM,WAM_07,2016,154,4,0
WAM,WAM_07,2017,162,1,0
WAM,WAM_07,2017,162,2,0
WAM,WAM_07,2017,162,3,0
WAM,WAM_07,2017,162,4,0
WAM,WAM_08,2012,192,1,0
WAM,WAM_08,2012,192,2,0
WAM,WAM_08,2012,192,3,0
WAM,WAM_08,2012,192,4,0
WAM,WAM_08,2013,150,1,1
WAM,WAM_08,2013,150,2,0
WAM,WAM_08,2013,150,3,1
WAM,WAM_08,2013,150,4,0
WAM,WAM_08,2015,163,1,1
WAM,WAM_08,2015,163,2,1
WAM,WAM_08,2015,163,3,0
WAM,WAM_08,2015,163,4,1
WAM,WAM_08,2016,161,1,1
WAM,WAM_08,2016,161,2,0
WAM,WAM_08,2016,161,3,0
WAM,WAM_08,2016,161,4,1
WAM,WAM_08,2017,157,1,1
WAM,WAM_08,2017,157,2,1
WAM,WAM_08,2017,157,3,1
WAM,WAM_08,2017,157,4,0
WAM,WAM_09,2012,192,1,1
WAM,WAM_09,2012,192,2,1
WAM,WAM_09,2012,192,3,1
WAM,WAM_09,2012,192,4,1
WAM,WAM_09,2013,151,1,1
WAM,WAM_09,2013,151,2,1
WAM,WAM_09,2013,151,3,1
WAM,WAM_09,2013,151,4,1
WAM,WAM_09,2015,166,1,1
WAM,WAM_09,2015,166,2,0
WAM,WAM_09,2015,166,3,0
WAM,WAM_09,2015,166,4,1
WAM,WAM_09,2016,161,1,1
WAM,WAM_09,2016,161,2,1
WAM,WAM_09,2016,161,3,1
WAM,WAM_09,2016,161,4,1
WAM,WAM_09,2017,162,1,1
WAM,WAM_09,2017,162,2,1
WAM,WAM_09,2017,162,3,1
WAM,WAM_09,2017,162,4,1
WAM,WAM_10,2012,192,1,1
WAM,WAM_10,2012,192,2,1
WAM,WAM_10,2012,192,3,1
WAM,WAM_10,2012,192,4,1
WAM,WAM_10,2013,151,1,1
WAM,WAM_10,2013,151,2,1
WAM,WAM_10,2013,151,3,1
WAM,WAM_10,2013,151,4,1
WAM,WAM_10,2015,162,1,1
WAM,WAM_10,2015,162,2,1
WAM,WAM_10,2015,162,3,1
WAM,WAM_10,2015,162,4,1
WAM,WAM_10,2016,161,1,0
WAM,WAM_10,2016,161,2,0
WAM,WAM_10,2016,161,3,1
WAM,WAM_10,2016,161,4,0
WAM,WAM_10,2017,165,1,0
WAM,WAM_10,2017,165,2,1
WAM,WAM_10,2017,165,3,1
WAM,WAM_10,2017,165,4,1
WAM,WAM_12,2012,198,1,1
WAM,WAM_12,2012,198,2,1
WAM,WAM_12,2012,198,3,1
WAM,WAM_12,2012,198,4,1
WAM,WAM_12,2013,160,1,1
WAM,WAM_12,2013,160,2,1
WAM,WAM_12,2013,160,3,1
WAM,WAM_12,2013,160,4,0
WAM,WAM_12,2015,162,1,0
WAM,WAM_12,2015,162,2,1
WAM,WAM_12,2015,162,3,0
WAM,WAM_12,2015,162,4,0
WAM,WAM_12,2016,159,1,1
WAM,WAM_12,2016,159,2,1
WAM,WAM_12,2016,159,3,1
WAM,WAM_12,2016,159,4,1
WAM,WAM_12,2017,165,1,1
WAM,WAM_12,2017,165,2,0
WAM,WAM_12,2017,165,3,0
WAM,WAM_12,2017,165,4,0
WAM,WAM_13,2012,198,1,1
WAM,WAM_13,2012,198,2,0
WAM,WAM_13,2012,198,3,1
WAM,WAM_13,2012,198,4,1
WAM,WAM_13,2013,203,1,1
WAM,WAM_13,2013,203,2,1
WAM,WAM_13,2013,203,3,0
WAM,WAM_13,2013,203,4,1
WAM,WAM_13,2015,162,1,1
WAM,WAM_13,2015,162,2,1
WAM,WAM_13,2015,162,3,1
WAM,WAM_13,2015,162,4,1
WAM,WAM_13,2016,159,1,0
WAM,WAM_13,2016,159,2,1
WAM,WAM_13,2016,159,3,0
WAM,WAM_13,2016,159,4,0
WAM,WAM_13,2017,162,1,0
WAM,WAM_13,2017,162,2,1
WAM,WAM_13,2017,162,3,0
WAM,WAM_13,2017,162,4,1
WAM,WAM_14,2012,198,1,0
WAM,WAM_14,2012,198,2,1
WAM,WAM_14,2012,198,3,0
WAM,WAM_14,2012,198,4,1
WAM,WAM_14,2013,160,1,0
WAM,WAM_14,2013,160,2,1
WAM,WAM_14,2013,160,3,1
WAM,WAM_14,2013,160,4,1
WAM,WAM_14,2015,160,1,1
WAM,WAM_14,2015,160,2,1
WAM,WAM_14,2015,160,3,1
WAM,WAM_14,2015,160,4,1
WAM,WAM_14,2016,155,1,0
WAM,WAM_14,2016,155,2,1
WAM,WAM_14,2016,155,3,0
WAM,WAM_14,2016,155,4,0
WAM,WAM_14,2017,165,1,0
WAM,WAM_14,2017,165,2,1
WAM,WAM_14,2017,165,3,0
WAM,WAM_14,2017,165,4,0
WAM,WAM_15,2012,192,1,0
WAM,WAM_15,2012,192,2,0
WAM,WAM_15,2012,192,3,0
WAM,WAM_15,2012,192,4,0
WAM,WAM_15,2013,150,1,1
WAM,WAM_15,2013,150,2,1
WAM,WAM_15,2013,150,3,1
WAM,WAM_15,2013,150,4,1
WAM,WAM_15,2015,162,1,1
WAM,WAM_15,2015,162,2,0
WAM,WAM_15,2015,162,3,1
WAM,WAM_15,2015,162,4,0
WAM,WAM_15,2016,160,1,1
WAM,WAM_15,2016,160,2,1
WAM,WAM_15,2016,160,3,1
WAM,WAM_15,2016,160,4,1
WAM,WAM_15,2017,165,1,0
WAM,WAM_15,2017,165,2,0
WAM,WAM_15,2017,165,3,0
WAM,WAM_15,2017,165,4,1
WM,WM_01,2012,213,1,0
WM,WM_01,2012,213,2,1
WM,WM_01,2012,213,3,1
WM,WM_01,2012,213,4,0
WM,WM_01,2013,166,1,0
WM,WM_01,2013,166,2,0
WM,WM_01,2013,166,3,0
WM,WM_01,2013,166,4,0
WM,WM_01,2015,194,1,0
WM,WM_01,2015,194,2,0
WM,WM_01,2015,194,3,1
WM,WM_01,2015,194,4,0
WM,WM_01,2016,193,1,1
WM,WM_01,2016,193,2,0
WM,WM_01,2016,193,3,0
WM,WM_01,2016,193,4,0
WM,WM_01,2017,161,1,0
WM,WM_01,2017,161,2,0
WM,WM_01,2017,161,3,1
WM,WM_01,2017,161,4,0
WM,WM_02,2012,213,1,0
WM,WM_02,2012,213,2,0
WM,WM_02,2012,213,3,1
WM,WM_02,2012,213,4,0
WM,WM_02,2013,166,1,1
WM,WM_02,2013,166,2,1
WM,WM_02,2013,166,3,1
WM,WM_02,2013,166,4,0
WM,WM_02,2015,194,1,0
WM,WM_02,2015,194,2,1
WM,WM_02,2015,194,3,1
WM,WM_02,2015,194,4,0
WM,WM_02,2016,197,1,1
WM,WM_02,2016,197,2,1
WM,WM_02,2016,197,3,1
WM,WM_02,2016,197,4,0
WM,WM_02,2017,160,1,1
WM,WM_02,2017,160,2,0
WM,WM_02,2017,160,3,1
WM,WM_02,2017,160,4,0
WM,WM_03,2012,213,1,0
WM,WM_03,2012,213,2,1
WM,WM_03,2012,213,3,1
WM,WM_03,2012,213,4,0
WM,WM_03,2013,169,1,0
WM,WM_03,2013,169,2,1
WM,WM_03,2013,169,3,1
WM,WM_03,2013,169,4,0
WM,WM_03,2015,194,1,1
WM,WM_03,2015,194,2,0
WM,WM_03,2015,194,3,0
WM,WM_03,2015,194,4,1
WM,WM_03,2016,197,1,1
WM,WM_03,2016,197,2,1
WM,WM_03,2016,197,3,1
WM,WM_03,2016,197,4,1
WM,WM_03,2017,160,1,1
WM,WM_03,2017,160,2,1
WM,WM_03,2017,160,3,1
WM,WM_03,2017,160,4,1
WM,WM_04,2012,213,1,1
WM,WM_04,2012,213,2,1
WM,WM_04,2012,213,3,1
WM,WM_04,2012,213,4,1
WM,WM_04,2013,166,1,1
WM,WM_04,2013,166,2,0
WM,WM_04,2013,166,3,1
WM,WM_04,2013,166,4,1
WM,WM_04,2015,194,1,0
WM,WM_04,2015,194,2,1
WM,WM_04,2015,194,3,1
WM,WM_04,2015,194,4,1
WM,WM_04,2016,193,1,1
WM,WM_04,2016,193,2,1
WM,WM_04,2016,193,3,1
WM,WM_04,2016,193,4,0
WM,WM_04,2017,160,1,0
WM,WM_04,2017,160,2,1
WM,WM_04,2017,160,3,1
WM,WM_04,2017,160,4,0
WM,WM_05,2012,213,1,1
WM,WM_05,2012,213,2,1
WM,WM_05,2012,213,3,0
WM,WM_05,2012,213,4,0
WM,WM_05,2013,169,1,1
WM,WM_05,2013,169,2,1
WM,WM_05,2013,169,3,1
WM,WM_05,2013,169,4,1
WM,WM_05,2015,194,1,1
WM,WM_05,2015,194,2,0
WM,WM_05,2015,194,3,1
WM,WM_05,2015,194,4,0
WM,WM_05,2016,197,1,0
WM,WM_05,2016,197,2,0
WM,WM_05,2016,197,3,1
WM,WM_05,2016,197,4,1
WM,WM_05,2017,161,1,1
WM,WM_05,2017,161,2,1
WM,WM_05,2017,161,3,1
WM,WM_05,2017,161,4,1
WM,WM_06,2012,213,1,0
WM,WM_06,2012,213,2,1
WM,WM_06,2012,213,3,0
WM,WM_06,2012,213,4,1
WM,WM_06,2013,169,1,0
WM,WM_06,2013,169,2,1
WM,WM_06,2013,169,3,1
WM,WM_06,2013,169,4,1
WM,WM_06,2015,194,1,1
WM,WM_06,2015,194,2,1
WM,WM_06,2015,194,3,1
WM,WM_06,2015,194,4,1
WM,WM_06,2016,193,1,1
WM,WM_06,2016,193,2,1
WM,WM_06,2016,193,3,1
WM,WM_06,2016,193,4,0
WM,WM_06,2017,160,1,1
WM,WM_06,2017,160,2,1
WM,WM_06,2017,160,3,1
WM,WM_06,2017,160,4,0
WM,WM_07,2012,213,1,1
WM,WM_07,2012,213,2,0
WM,WM_07,2012,213,3,1
WM,WM_07,2012,213,4,1
WM,WM_07,2013,169,1,1
WM,WM_07,2013,169,2,1
WM,WM_07,2013,169,3,1
WM,WM_07,2013,169,4,1
WM,WM_07,2015,194,1,1
WM,WM_07,2015,194,2,1
WM,WM_07,2015,194,3,1
WM,WM_07,2015,194,4,1
WM,WM_07,2016,193,1,1
WM,WM_07,2016,193,2,1
WM,WM_07,2016,193,3,1
WM,WM_07,2016,193,4,1
WM,WM_07,2017,160,1,1
WM,WM_07,2017,160,2,1
WM,WM_07,2017,160,3,1
WM,WM_07,2017,160,4,1
YRSP,YRSP_01,2012,204,1,0
YRSP,YRSP_01,2012,204,2,1
YRSP,YRSP_01,2012,204,3,1
YRSP,YRSP_01,2012,204,4,0
YRSP,YRSP_01,2013,176,1,1
YRSP,YRSP_01,2013,176,2,1
YRSP,YRSP_01,2013,176,3,1
YRSP,YRSP_01,2013,176,4,1
YRSP,YRSP_01,2015,199,1,0
YRSP,YRSP_01,2015,199,2,1
YRSP,YRSP_01,2015,199,3,1
YRSP,YRSP_01,2015,199,4,0
YRSP,YRSP_01,2016,210,1,1
YRSP,YRSP_01,2016,210,2,0
YRSP,YRSP_01,2016,210,3,0
YRSP,YRSP_01,2016,210,4,1
YRSP,YRSP_01,2017,178,1,0
YRSP,YRSP_01,2017,178,2,0
YRSP,YRSP_01,2017,178,3,1
YRSP,YRSP_01,2017,178,4,0
YRSP,YRSP_05,2012,204,1,1
YRSP,YRSP_05,2012,204,2,1
YRSP,YRSP_05,2012,204,3,1
YRSP,YRSP_05,2012,204,4,1
YRSP,YRSP_05,2013,177,1,1
YRSP,YRSP_05,2013,177,2,1
YRSP,YRSP_05,2013,177,3,1
YRSP,YRSP_05,2013,177,4,0
YRSP,YRSP_05,2015,192,1,1
YRSP,YRSP_05,2015,192,2,0
YRSP,YRSP_05,2015,192,3,1
YRSP,YRSP_05,2015,192,4,1
YRSP,YRSP_05,2016,210,1,1
YRSP,YRSP_05,2016,210,2,0
YRSP,YRSP_05,2016,210,3,1
YRSP,YRSP_05,2016,210,4,0
YRSP,YRSP_05,2017,179,1,1
YRSP,YRSP_05,2017,179,2,1
YRSP,YRSP_05,2017,179,3,1
YRSP,YRSP_05,2017,179,4,1
